url,category,label,cv_prediction
https://journals.plos.org/plosone/article?id=10.1371/journal.pone.0230000,journal,0.88,0.948
https://www.bmj.com/content/372/bmj.n71,journal,0.93,0.8642
https://www.cell.com/cell/fulltext/S0092-8674(20)30000-1,journal,0.93,0.6103
https://academic.oup.com/nar/article/49/D1/D10/6000000,journal,0.92,0.7514
https://onlinelibrary.wiley.com/doi/10.1002/sim.1234,journal,0.9,0.8581
https://link.springer.com/article/10.1007/s10994-020-05900-1,journal,0.88,0.7238
https://www.sciencedirect.com/science/article/pii/S0140673620301835,journal,0.9,0.9574
https://www.acpjournals.org/doi/10.7326/M20-1234,journal,0.92,0.9211
https://www.science.org/doi/10.1126/science.abc1234,journal,0.95,0.9656
https://www.nature.com/articles/s41591-020-0820-9,journal,0.95,0.8729
https://www.nejm.org/doi/full/10.1056/NEJMoa2001017,journal,0.95,0.9739
https://www.thelancet.com/journals/lancet/article/PIIS0140-6736(20)30183-5/fulltext,journal,0.95,0.9539
https://ieeexplore.ieee.org/document/8000000,journal,0.85,0.9809
https://dl.acm.org/doi/10.1145/3292500.3330701,journal,0.88,0.9303
https://www.jmlr.org/papers/v12/pedregosa11a.html,journal,0.88,0.8058
https://proceedings.neurips.cc/paper/2017/hash/3f5ee243547dee91fbd053c1c4a845aa-Abstract.html,journal,0.87,0.8112
https://aclanthology.org/2020.acl-main.1/,journal,0.86,0.8667
https://pubs.acs.org/doi/10.1021/jacs.0c00001,journal,0.9,0.9315
https://www.frontiersin.org/articles/10.3389/fpsyg.2020.01234/full,journal,0.8,0.8616
https://www.mdpi.com/2072-6643/12/2/334,journal,0.7,0.5005
https://www.ncbi.nlm.nih.gov/pmc/articles/PMC7000000/,journal,0.9,0.9711
https://journals.sagepub.com/doi/10.1177/0956797620900000,journal,0.88,0.9345
https://www.tandfonline.com/doi/full/10.1080/01621459.2020.1000000,journal,0.9,0.8648
https://royalsocietypublishing.org/doi/10.1098/rspb.2020.0001,journal,0.9,0.9295
https://elifesciences.org/articles/12345,journal,0.9,0.8841
https://www.jci.org/articles/view/12345,journal,0.9,0.7085
https://www.ahajournals.org/doi/10.1161/CIRCULATIONAHA.120.050000,journal,0.92,0.9315
https://www.annualreviews.org/doi/10.1146/annurev-statistics-010814-020120,journal,0.92,0.9315
https://www.cochranelibrary.com/cdsr/doi/10.1002/14651858.CD000000.pub2/full,journal,0.95,0.8616
https://pubmed.ncbi.nlm.nih.gov/32000000/,index,0.9,0.9639
https://www.jstor.org/stable/2345678,journal,0.88,0.9058
https://doi.org/10.1016/j.cell.2020.02.052,journal,0.9,0.6071
https://www.biorxiv.org/content/10.1101/2021.03.01.433000v2,preprint,0.5,0.692
https://arxiv.org/abs/2005.14165,preprint,0.65,0.6927
https://arxiv.org/pdf/2301.00001,preprint,0.55,0.6937
https://arxiv.org/abs/1810.04805,preprint,0.65,0.6635
https://www.medrxiv.org/content/10.1101/2020.04.14.20062463v1,preprint,0.5,0.5628
https://papers.ssrn.com/sol3/papers.cfm?abstract_id=3500000,preprint,0.5,0.3104
https://osf.io/preprints/psyarxiv/abcd1,preprint,0.5,0.3145
https://www.researchsquare.com/article/rs-12345/v1,preprint,0.45,0.3935
https://www.preprints.org/manuscript/202001.0001/v1,preprint,0.45,0.5168
https://chemrxiv.org/engage/chemrxiv/article-details/60c7400000000,preprint,0.5,0.4888
https://eartharxiv.org/repository/view/1234/,preprint,0.5,0.526
https://www.cdc.gov/flu/about/index.html,government,0.9,0.9732
https://www.nih.gov/news-events/news-releases/example-release,government,0.88,0.7966
https://www.bls.gov/news.release/empsit.nr0.htm,government,0.92,0.9162
https://www.fda.gov/drugs/drug-safety-and-availability/example,government,0.88,0.782
https://catalog.data.gov/dataset/example-dataset,government,0.85,0.9125
https://www.nasa.gov/missions/example-mission/,government,0.88,0.9687
https://www.gov.uk/government/statistics/example-statistics,government,0.88,0.9162
https://www.ons.gov.uk/economy/inflationandpriceindices/bulletins/example,government,0.92,0.8245
https://www.abs.gov.au/statistics/people/population/example,government,0.9,0.924
https://www.federalreserve.gov/releases/h15/,government,0.92,0.9074
https://www.sec.gov/files/example-report.pdf,government,0.85,0.8385
https://www.noaa.gov/news/example-climate-report,government,0.88,0.9492
https://www.epa.gov/climate-indicators/example,government,0.87,0.8179
https://www.usda.gov/media/press-releases/2024/01/01/example,government,0.8,0.611
https://eur-lex.europa.eu/legal-content/EN/TXT/?uri=CELEX:32016R0679,government,0.9,0.8179
https://ec.europa.eu/eurostat/statistics-explained/index.php?title=Example,government,0.9,0.924
https://www.army.mil/article/123456/example,government,0.78,0.8678
https://medlineplus.gov/diabetes.html,government,0.9,0.861
https://www.whitehouse.gov/briefing-room/statements-releases/2024/01/01/example/,government,0.7,0.888
https://www.canada.ca/en/public-health/services/diseases/example.html,government,0.87,0.3241
https://www150.statcan.gc.ca/n1/daily-quotidien/240101/dq240101a-eng.htm,government,0.9,0.8245
https://www.nist.gov/publications/example-standard,government,0.92,0.9164
https://www.cancer.gov/about-cancer/treatment/types/example,government,0.9,0.795
https://www.nato.int/cps/en/natohq/topics_1234.htm,intergovernmental,0.8,0.8415
https://www.itu.int/en/ITU-D/Statistics/Pages/stat/default.aspx,intergovernmental,0.88,0.9215
https://www.wipo.int/publications/en/details.jsp?id=1234,intergovernmental,0.87,0.9215
https://public.wmo.int/en/media/press-release/example,intergovernmental,0.87,0.7699
https://www.coe.int/en/web/human-rights-convention/example,intergovernmental,0.82,0.8401
https://www.iom.int/resources/example-report,intergovernmental,0.83,0.8271
https://www.esa.int/Science_Exploration/Space_Science/example,intergovernmental,0.88,0.8271
https://www.ecmwf.int/en/forecasts/documentation-and-support/example,intergovernmental,0.88,0.8313
https://www.worldbank.org/en/publication/wdr2024,intergovernmental,0.87,0.7958
https://data.worldbank.org/indicator/NY.GDP.MKTP.CD,intergovernmental,0.9,0.8048
https://www.oecd.org/en/publications/example-outlook_12345.html,intergovernmental,0.87,0.8047
https://www.un.org/en/climatechange/reports,intergovernmental,0.85,0.8068
https://www.unicef.org/reports/state-of-worlds-children-2023,intergovernmental,0.85,0.7414
https://www.bis.org/publ/qtrpdf/r_qt2312.htm,intergovernmental,0.88,0.7958
https://www.wto.org/english/res_e/publications_e/wtr23_e.htm,intergovernmental,0.86,0.8047
https://www.ecb.europa.eu/pub/economic-bulletin/html/eb202401.en.html,intergovernmental,0.9,0.8577
https://www.unhcr.org/refugee-statistics/,intergovernmental,0.87,0.6766
https://news.mit.edu/2021/example-research-0101,academic,0.8,0.7247
https://www.ox.ac.uk/research/research-impact/example,academic,0.8,0.8604
https://www.hsph.harvard.edu/nutritionsource/healthy-eating-plate/,academic,0.85,0.7528
https://www.stanford.edu/about/,academic,0.78,0.727
https://plato.stanford.edu/entries/statistics/,reference,0.88,0.8126
https://www.cam.ac.uk/research/news/example,academic,0.8,0.8802
https://engineering.berkeley.edu/news/2024/01/example/,academic,0.78,0.7831
https://www.jhsph.edu/research/centers-and-institutes/example/,academic,0.82,0.8589
https://www.cs.cmu.edu/~someone/notes/lecture1.html,personal_academic,0.55,0.5001
https://people.csail.mit.edu/someone/blog/my-opinion.html,personal_academic,0.4,0.2738
https://web.stanford.edu/~someone/random-thoughts.html,personal_academic,0.45,0.5323
https://www.math.ucla.edu/~someone/teaching/notes.pdf,personal_academic,0.55,0.5001
https://homes.cs.washington.edu/~someone/,personal_academic,0.5,0.5237
https://www.eecs.harvard.edu/~someone/essays/why-x.html,personal_academic,0.45,0.5592
https://sites.google.com/view/someone-research/home,personal_academic,0.35,0.2507
https://www.theguardian.com/world/2024/jan/01/example-story,news,0.8,0.5859
https://www.npr.org/2024/01/01/1234567/example-story,news,0.82,0.9006
https://www.washingtonpost.com/politics/2024/01/01/example-story/,news,0.8,0.6386
https://www.economist.com/finance-and-economics/2024/01/01/example,news,0.82,0.7966
https://www.ft.com/content/12345678-aaaa-bbbb-cccc-1234567890ab,news,0.82,0.7674
https://www.bloomberg.com/news/articles/2024-01-01/example-story,news,0.82,0.6622
https://www.latimes.com/california/story/2024-01-01/example,news,0.78,0.7035
https://www.cbsnews.com/news/example-story/,news,0.75,0.7268
https://abcnews.go.com/Politics/example-story/story?id=123456,news,0.75,0.69
https://www.pbs.org/newshour/politics/example-story,news,0.82,0.8314
https://www.axios.com/2024/01/01/example-story,news,0.75,0.751
https://www.theatlantic.com/science/archive/2024/01/example/677000/,news,0.75,0.6227
https://www.nytimes.com/2024/01/01/us/example-story.html,news,0.8,0.735
https://www.bbc.com/news/world-12345678,news,0.82,0.7583
https://www.reuters.com/business/example-story-2024-01-01/,news,0.85,0.7848
https://apnews.com/article/example-story-abcdef123,news,0.85,0.7766
https://www.wsj.com/articles/example-story-123456,news,0.8,0.7424
https://themarkup.org/privacy/2024/01/01/example-investigation,news,0.83,0.7023
https://calmatters.org/politics/2024/01/example/,news,0.8,0.7104
https://www.icij.org/investigations/example-papers/,news,0.84,0.8387
https://www.texastribune.org/2024/01/01/example/,news,0.8,0.8206
https://revealnews.org/article/example-investigation/,news,0.82,0.8376
https://www.thebureauinvestigates.com/stories/2024-01-01/example,news,0.82,0.6049
https://www.usatoday.com/story/news/2024/01/01/example/12345/,news,0.72,0.7631
https://www.csmonitor.com/World/2024/0101/example,news,0.8,0.8203
https://www.scientificamerican.com/article/example-science-story/,news,0.82,0.707
https://www.statnews.com/2024/01/01/example-health-story/,news,0.82,0.6618
https://www.nytimes.com/2024/01/01/opinion/example-column.html,opinion,0.58,0.6763
https://www.washingtonpost.com/opinions/2024/01/01/example/,opinion,0.58,0.5526
https://www.theguardian.com/commentisfree/2024/jan/01/example,opinion,0.55,0.4032
https://www.foxnews.com/opinion/example-column,opinion,0.4,0.2527
https://www.wsj.com/articles/example-opinion-11600000000,news,0.78,0.7381
https://thehill.com/opinion/campaign/123456-example/,opinion,0.45,0.6916
https://www.foxnews.com/politics/example-story,news,0.55,0.4128
https://www.breitbart.com/politics/2024/01/01/example/,partisan,0.25,0.2535
https://www.dailymail.co.uk/news/article-1234567/example.html,tabloid,0.4,0.2701
https://nypost.com/2024/01/01/news/example/,tabloid,0.5,0.4909
https://www.huffpost.com/entry/example-story_n_123456,news,0.55,0.3964
https://www.thesun.co.uk/news/1234567/example/,tabloid,0.35,0.4077
https://www.infowars.com/posts/example-story,fabricated,0.05,0.0647
https://www.naturalnews.com/2024-01-01-example-story.html,fabricated,0.05,0.055
https://www.zerohedge.com/markets/example-story,partisan,0.2,0.2164
https://www.thegatewaypundit.com/2024/01/example-story/,fabricated,0.08,0.1312
https://www.dailykos.com/stories/2024/1/1/123456/-example,partisan,0.3,0.325
https://www.occupydemocrats.com/2024/01/01/example/,partisan,0.15,0.1784
https://en.wikipedia.org/wiki/Linear_regression,reference,0.6,0.7852
https://de.wikipedia.org/wiki/Statistik,reference,0.6,0.7852
https://www.britannica.com/topic/statistics,reference,0.8,0.8058
https://www.merriam-webster.com/dictionary/credibility,reference,0.78,0.367
https://www.investopedia.com/terms/r/regression.asp,reference,0.6,0.6639
https://www.mayoclinic.org/diseases-conditions/diabetes/symptoms-causes/syc-20371444,reference,0.85,0.7972
https://www.webmd.com/diabetes/example-article,reference,0.6,0.6293
https://www.healthline.com/nutrition/example-article,reference,0.55,0.5889
https://my.clevelandclinic.org/health/diseases/7104-diabetes,reference,0.83,0.6362
https://www.khanacademy.org/math/statistics-probability/example,reference,0.72,0.8047
https://docs.python.org/3/library/statistics.html,docs,0.8,0.9054
https://pytorch.org/docs/stable/nn.html,docs,0.78,0.7976
https://numpy.org/doc/stable/reference/generated/numpy.linalg.lstsq.html,docs,0.78,0.8149
https://pandas.pydata.org/docs/user_guide/groupby.html,docs,0.78,0.7931
https://developer.mozilla.org/en-US/docs/Web/HTTP/Status,docs,0.8,0.79
https://learn.microsoft.com/en-us/azure/example-service/overview,docs,0.75,0.6336
https://docs.aws.amazon.com/s3/latest/userguide/example.html,docs,0.75,0.6477
https://www.tensorflow.org/api_docs/python/tf/keras,docs,0.76,0.8065
https://statsmodels.readthedocs.io/en/latest/regression.html,docs,0.7,0.6546
https://github.com/someone/some-repo,code,0.4,0.495
https://gist.github.com/someone/abc123,code,0.3,0.5005
https://superuser.com/questions/123456/how-to-fix-x,qa,0.45,0.3938
https://math.stackexchange.com/questions/123456/why-is-x-true,qa,0.5,0.3807
https://serverfault.com/questions/123456/example-question,qa,0.45,0.4831
https://stats.stackexchange.com/questions/123456/example,qa,0.5,0.3821
https://www.quora.com/Is-example-true,forum,0.2,0.3063
https://answers.yahoo.com/question/index?qid=20100101000000AAxxxx,forum,0.12,0.493
https://www.reddit.com/r/science/comments/abc123/example_title/,forum,0.25,0.1369
https://old.reddit.com/r/conspiracy/comments/xyz789/example/,forum,0.12,0.0785
https://news.ycombinator.com/item?id=12345678,forum,0.25,0.31
https://www.physicsforums.com/threads/example-question.123456/,forum,0.35,0.282
https://discuss.pytorch.org/t/example-question/12345,forum,0.4,0.4415
https://community.spiceworks.com/t/example-topic/123456,forum,0.3,0.2704
https://twitter.com/someone/status/1234567890,social,0.15,0.1041
https://x.com/someone/status/1234567890,social,0.15,0.0986
https://www.facebook.com/someone/posts/1234567890,social,0.1,0.1731
https://www.tiktok.com/@someone/video/1234567890,social,0.1,0.2873
https://www.youtube.com/watch?v=abc123xyz,social,0.25,0.1394
https://www.instagram.com/p/AbC123xyz/,social,0.1,0.31
https://www.linkedin.com/pulse/example-post-someone/,social,0.25,0.2824
https://www.threads.net/@someone/post/AbC123,social,0.12,0.282
https://someone.wordpress.com/2023/01/01/my-thoughts-on-x/,blog,0.2,0.0909
https://someone.substack.com/p/why-x-is-wrong,blog,0.3,0.078
https://medium.com/@someone/understanding-transformers-abc123,blog,0.28,0.1893
https://towardsdatascience.com/example-post-abc123,blog,0.35,0.4963
https://someone.tumblr.com/post/123456/example,blog,0.12,0.19
https://someone.wixsite.com/mysite/post/example,blog,0.15,0.3588
https://someone.weebly.com/blog/example,blog,0.15,0.1692
https://example-personal-site.com/blog/my-thoughts,blog,0.28,0.3387
https://dev.to/someone/example-post-1abc,blog,0.3,0.4504
https://hackernoon.com/example-post-abc123,blog,0.3,0.4938
https://someone.blogspot.com/2023/05/example-post.html,blog,0.18,0.2276
https://blog.someproduct.com/why-our-approach-wins,blog,0.25,0.2986
https://someone.netlify.app/posts/example/,blog,0.22,0.2783
https://www.prnewswire.com/news-releases/example-company-announces-301234567.html,promotional,0.28,0.2802
https://www.businesswire.com/news/home/20240101000001/en/Example-Announces,promotional,0.28,0.5508
https://www.globenewswire.com/news-release/2024/01/01/1234567/0/en/example.html,promotional,0.28,0.2652
https://shop.example-brand.com/products/super-greens-powder,promotional,0.12,0.2605
https://www.examplevitamins.com/blog/why-our-supplement-works,promotional,0.15,0.3308
https://www.goop.com/wellness/health/example-article/,promotional,0.15,0.164
https://articles.mercola.com/sites/articles/archive/2024/01/01/example.aspx,fabricated,0.05,0.1937
https://www.examplenews.com/sponsored/best-credit-cards,promotional,0.12,0.2331
https://www.examplemagazine.com/partner-content/example-brand-story,promotional,0.15,0.2594
https://www.amazon.com/Example-Product/dp/B000000000,promotional,0.15,0.5005
https://www.theonion.com/example-headline-1850000000,satire,0.05,0.1177
https://babylonbee.com/news/example-headline,satire,0.05,0.1877
https://www.newsthump.com/2024/01/01/example-headline/,satire,0.05,0.4417
https://www.thebeaverton.com/2024/01/example-headline/,satire,0.05,0.4373
https://www.dailymash.co.uk/news/example-headline-2024010112345,satire,0.05,0.5971
https://natural-cures-now.info/doctors-hate-this-trick,fabricated,0.03,0.0269
http://real-patriot-news.xyz/shocking-election-truth,fabricated,0.03,0.0177
https://best-health-secrets.biz/detox-miracle-revealed,fabricated,0.03,0.0261
https://www.healthnutnews.com/example-vaccine-story/,fabricated,0.05,0.1453
http://247-breaking-news.online/celebrity-exposed,fabricated,0.04,0.0338
https://cnn-politics.com.co/breaking-story,fabricated,0.02,0.4474
http://192.168.10.20/news/article.html,fabricated,0.1,0.38
https://truth-uncensored-daily.club/big-pharma-cover-up,fabricated,0.03,0.0285
https://freedom-alert-news.top/they-dont-want-you-to-know,fabricated,0.03,0.1156
http://the-real-story-247.site/miracle-weight-loss,fabricated,0.03,0.0176
https://superfoodhealing.net/amazing-cure-for-diabetes,fabricated,0.08,0.2674
https://www.worldtruth.tv/example-hidden-history/,fabricated,0.05,0.0122
http://yournewswire.com/example-story/,fabricated,0.05,0.1123
https://www.examplecompany.com/about-us,commercial,0.45,0.479
https://www.acme-widgets.com/support/faq,commercial,0.45,0.4898
http://www.localbakery.net/menu.html,commercial,0.4,0.2606
https://www.nerdwallet.com/article/finance/example,commercial,0.55,0.5665
https://www.consumerreports.org/cars/example-review/,reference,0.8,0.8522
